{
  "VC2": {
    "x": 0.05,
    "y": -6,
    "z": 6.4
  },
  "VC3": {
    "x": 0.05,
    "y": -2.9,
    "z": 7.1
  },
  "VC4": {
    "x": 0.05,
    "y": 0.20000000000000018,
    "z": 7.17
  },
  "VC5": {
    "x": 0.05,
    "y": 3.3000000000000007,
    "z": 7.25
  },
  "VC6": {
    "x": 0.05,
    "y": 6.4,
    "z": 7.3
  },
  "VC7": {
    "x": 0.05,
    "y": 9.5,
    "z": 7.2
  },
  "VC8": {
    "x": 0.05,
    "y": 12.7,
    "z": 6.1
  },
  "VC9": {
    "x": 0.05,
    "y": 15.9,
    "z": 6.1
  },
  "VC10": {
    "x": 0.05,
    "y": 18.4,
    "z": 6.38
  },
  "VC11": {
    "x": 0.05,
    "y": 20.9,
    "z": 6.38
  },
  "VC12": {
    "x": 0.05,
    "y": 23.4,
    "z": 6.58
  },
  "VC13": {
    "x": 0.05,
    "y": 25.9,
    "z": 6.6
  },
  "VC14": {
    "x": 0.05,
    "y": 28.4,
    "z": 5.95
  },
  "VC15": {
    "x": 0.05,
    "y": 30.9,
    "z": 5.06
  },
  "VC16": {
    "x": 0.05,
    "y": 33.4,
    "z": 4.9
  },
  "VC17": {
    "x": 0.05,
    "y": 36,
    "z": 4.7
  },
  "VC18": {
    "x": 0.05,
    "y": 38.6,
    "z": 3.6
  },
  "VC19": {
    "x": 0.05,
    "y": 41.2,
    "z": 2.4
  },
  "VC20": {
    "x": 0.05,
    "y": 43.8,
    "z": 1.2
  },
  "VC21": {
    "x": 0.05,
    "y": 46.4,
    "z": -0.9
  },
  "VC22": {
    "x": 0.05,
    "y": 49,
    "z": -2.1
  },
  "VC23": {
    "x": 0.02,
    "y": 56,
    "z": -0.2
  },
  "VC24": {
    "x": 0.02,
    "y": 60,
    "z": 5
  },
  "P1": {
    "x": -13.267798006864483,
    "y": 46.00000000000004,
    "z": -1.0999999999999999
  },
  "P2": {
    "x": -11.26779800686449,
    "y": 48.60000000000008,
    "z": -3.4000000000000026
  },
  "P3": {
    "x": -22.967798006864573,
    "y": 32.39999999999985,
    "z": -4.7
  },
  "P4": {
    "x": -23.56779800686458,
    "y": 28.699999999999797,
    "z": -4.999999999999999
  },
  "P5": {
    "x": -24.16779800686459,
    "y": 15.69999999999962,
    "z": -4.6000000000000005
  },
  "P6": {
    "x": -25.767798006864613,
    "y": 7.499999999999648,
    "z": -2.7000000000000015
  },
  "P7": {
    "x": -26.96779800686463,
    "y": -1.5000000000003426,
    "z": -1.5000000000000004
  },
  "P8": {
    "x": -26.26779800686462,
    "y": -3.500000000000344,
    "z": -0.5000000000000001
  },
  "P9": {
    "x": -27.367798006864636,
    "y": -5.500000000000339,
    "z": -0.30000000000000016
  },
  "P10": {
    "x": -27.66779800686464,
    "y": -7.7000000000003315,
    "z": 2.1000000000000005
  },
  "P11": {
    "x": -30.56779800686468,
    "y": -13.200000000000312,
    "z": 5.999999999999995
  },
  "IG1": {
    "x": 29.232201993135632,
    "y": -20.00000000000036,
    "z": 6.199999999999994
  },
  "IG2": {
    "x": 29.332201993135634,
    "y": -14.700000000000307,
    "z": 2.8000000000000007
  },
  "IG3": {
    "x": 29.532201993135637,
    "y": -12.200000000000315,
    "z": 1.7999999999999998
  },
  "IG4": {
    "x": 29.532201993135637,
    "y": -10.500000000000322,
    "z": 0.39999999999999936
  },
  "IG5": {
    "x": 28.33220199313562,
    "y": -6.800000000000335,
    "z": 0.39999999999999925
  },
  "IG6": {
    "x": 28.032201993135615,
    "y": -0.3000000000003421,
    "z": -3.8000000000000025
  },
  "IG7": {
    "x": 27.832201993135612,
    "y": 4.399999999999659,
    "z": -6.399999999999994
  },
  "IG8": {
    "x": 27.73220199313561,
    "y": 9.69999999999964,
    "z": -8.099999999999989
  },
  "IG9": {
    "x": 27.532201993135608,
    "y": 11.999999999999632,
    "z": -8.799999999999986
  },
  "IG10": {
    "x": 27.232201993135604,
    "y": 14.299999999999624,
    "z": -9.299999999999985
  },
  "IG11": {
    "x": 27.0322019931356,
    "y": 17.59999999999964,
    "z": -8.799999999999986
  },
  "IG12": {
    "x": 26.632201993135595,
    "y": 20.49999999999968,
    "z": -8.599999999999987
  },
  "IG13": {
    "x": 26.432201993135592,
    "y": 23.499999999999723,
    "z": -9.299999999999985
  },
  "IG14": {
    "x": 24.73220199313557,
    "y": 33.29999999999986,
    "z": -7.599999999999991
  },
  "IG15": {
    "x": 20.432201993135507,
    "y": 47.20000000000006,
    "z": -5
  },
  "IG16": {
    "x": 18.132201993135475,
    "y": 48.80000000000008,
    "z": -6.499999999999995
  },
  "IG17": {
    "x": 5.532201993135482,
    "y": 54.10000000000016,
    "z": -4.0000000000000036
  },
  "IG18": {
    "x": 5.132201993135483,
    "y": 56.100000000000186,
    "z": -3.600000000000003
  },
  "IG19": {
    "x": 0.9322019931354847,
    "y": 62.400000000000276,
    "z": 4.899999999999998
  },
  "IG20": {
    "x": 1.9322019931354855,
    "y": 62.90000000000028,
    "z": 4.3
  },
  "E1": {
    "x": -2.9677980068645167,
    "y": 66.70000000000014,
    "z": 3
  },
  "E2": {
    "x": -2.9677980068645167,
    "y": 66.00000000000018,
    "z": 3.2
  },
  "E3": {
    "x": -2.8677980068645166,
    "y": 63.700000000000294,
    "z": 3.8000000000000007
  },
  "E4": {
    "x": -2.7677980068645165,
    "y": 61.10000000000026,
    "z": 4.1000000000000005
  },
  "E5": {
    "x": -3.367798006864517,
    "y": 58.200000000000216,
    "z": 2.4999999999999996
  },
  "E6": {
    "x": -5.967798006864511,
    "y": 61.30000000000026,
    "z": -2.6000000000000028
  },
  "E7": {
    "x": -6.467798006864509,
    "y": 64.20000000000029,
    "z": -2.700000000000003
  },
  "E8": {
    "x": -6.26779800686451,
    "y": 71.89999999999985,
    "z": -2.700000000000003
  },
  "E9": {
    "x": -2.9677980068645167,
    "y": 54.20000000000016,
    "z": -2.3000000000000025
  },
  "E10": {
    "x": -2.267798006864516,
    "y": 51.40000000000012,
    "z": -2.2000000000000024
  },
  "E11": {
    "x": -2.9677980068645167,
    "y": 47.600000000000065,
    "z": -1.2000000000000015
  },
  "E12": {
    "x": -6.667798006864508,
    "y": 48.60000000000008,
    "z": -2.2000000000000024
  },
  "E13": {
    "x": -7.067798006864507,
    "y": 47.600000000000065,
    "z": -1.0000000000000013
  },
  "E14": {
    "x": -7.667798006864505,
    "y": 44.800000000000026,
    "z": 0.8999999999999986
  },
  "E15": {
    "x": -8.767798006864501,
    "y": 42.29999999999999,
    "z": 2.3999999999999995
  },
  "E16": {
    "x": -9.867798006864497,
    "y": 38.89999999999994,
    "z": 4.2
  },
  "E17": {
    "x": -12.06779800686449,
    "y": 33.19999999999986,
    "z": 4.999999999999997
  },
  "E18": {
    "x": -12.06779800686449,
    "y": 30.199999999999818,
    "z": 2.1999999999999993
  },
  "E19": {
    "x": -3.167798006864517,
    "y": 25.699999999999754,
    "z": 6.599999999999992
  },
  "E20": {
    "x": -3.167798006864517,
    "y": 22.64727272727248,
    "z": 6.699999999999991
  },
  "E21": {
    "x": -3.167798006864517,
    "y": 19.59454545454521,
    "z": 6.699999999999991
  },
  "E22": {
    "x": -3.167798006864517,
    "y": 16.541818181817938,
    "z": 6.499999999999992
  },
  "E23": {
    "x": -3.167798006864517,
    "y": 13.489090909090663,
    "z": 6.699999999999991
  },
  "E24": {
    "x": -3.167798006864517,
    "y": 10.43636363636339,
    "z": 7.09999999999999
  },
  "E25": {
    "x": -3.167798006864517,
    "y": 7.383636363636118,
    "z": 6.99999999999999
  },
  "E26": {
    "x": -3.167798006864517,
    "y": 4.330909090908847,
    "z": 6.899999999999991
  },
  "E27": {
    "x": -3.167798006864517,
    "y": 1.2781818181815723,
    "z": 6.599999999999992
  },
  "E28": {
    "x": -3.167798006864517,
    "y": -1.7745454545457022,
    "z": 6.299999999999993
  },
  "E29": {
    "x": -3.167798006864517,
    "y": -4.827272727272973,
    "z": 5.699999999999995
  },
  "E30": {
    "x": -3.167798006864517,
    "y": -7.880000000000244,
    "z": 4.599999999999999
  },
  "E31": {
    "x": -12.467798006864488,
    "y": -11.280000000000232,
    "z": 4.100000000000001
  },
  "E32": {
    "x": -12.467798006864488,
    "y": -28.48000000000039,
    "z": 4.300000000000001
  },
  "E33": {
    "x": -12.467798006864488,
    "y": -36.2800000000005,
    "z": 2.900000000000001
  },
  "E34": {
    "x": -12.467798006864488,
    "y": -38.98000000000054,
    "z": 2.3000000000000003
  },
  "E35": {
    "x": -12.467798006864488,
    "y": -47.18000000000065,